"0","data <- read_parquet(here(""02_data"", ""02-2_data_clean"", ""shots_defensive_perspective.parquet""))

err_foul_count <- data |> 
  group_by(game_id) |> 
  mutate(max_fouls_in_game = max(defender_foul_count)) |> 
  filter(max_fouls_in_game > 5)

# Create a stratified sample
set.seed(123)

sample_size <- 100000

# Create strata based on key variables
data_sample <- data |> 
  anti_join(err_foul_count, join_by(game_id)) |> 
  select(-defender_height, -defender_weight) |> 
  drop_na() |> 
  # First sample games
  group_by(game_id) |> 
  sample_frac(size = 1)  |>
  ungroup() |> 
  # Then sample within games
  group_by(period, defensive_team, defense_distance_category) |> 
  sample_frac(size = sample_size/nrow(data), replace = FALSE) |> 
  ungroup()

# Check the sample size
nrow(data_sample)
"
"1","[1]"
"1"," 99101"
"1","
"
